{"cameraMode":{"drawMode":0,"name":"Shaded","section":"Shading Mode"},"sceneLighting":true,"audioPlay":false,"sceneViewState":{"m_AlwaysRefresh":false,"showFog":true,"showSkybox":true,"showFlares":true,"showImageEffects":true,"showParticleSystems":true,"showVisualEffectGraphs":true,"m_FxEnabled":true},"in2DMode":false,"pivot":{"x":1.8803672790527344,"y":1.865850567817688,"z":-20.161710739135743},"rotation":{"x":0.12306126207113266,"y":-0.017146285623311998,"z":0.001643271534703672,"w":0.9922557473182678},"size":2.4635000228881838,"orthographic":false}